,first_name,last_name
0,puta,sakdjas
1,juean,coco
0,puta,sakdjas
1,juean,coco
0,puta,sakdjas
1,juean,coco
0,puta,sakdjas
1,juean,coco
0,puta,sakdjas
1,juean,coco
0,puta,sakdjas
1,juean,coco
0,puta,sakdjas
1,juean,coco
0,puta,sakdjas
1,juean,coco
0,puta,sakdjas
1,juean,coco
0,puta,sakdjas
1,juean,coco
0,puta,sakdjas
1,juean,coco
0,puta,sakdjas
1,juean,coco
0,puta,sakdjas
1,juean,coco
0,puta,sakdjas
1,juean,coco
0,puta,sakdjas
1,juean,coco
0,puta,sakdjas
1,juean,coco
0,puta,sakdjas
1,juean,coco
0,puta,sakdjas
1,juean,coco
0,puta,sakdjas
1,juean,coco
0,puta,sakdjas
1,juean,coco
0,puta,sakdjas
1,juean,coco
0,puta,sakdjas
1,juean,coco
0,puta,sakdjas
1,juean,coco
0,puta,sakdjas
1,juean,coco
0,puta,sakdjas
1,juean,coco
0,puta,sakdjas
1,juean,coco
0,puta,sakdjas
1,juean,coco
0,puta,sakdjas
1,juean,coco
0,puta,sakdjas
1,juean,coco
0,puta,sakdjas
1,juean,coco
0,puta,sakdjas
1,juean,coco
0,puta,sakdjas
1,juean,coco
0,puta,sakdjas
1,juean,coco
0,puta,sakdjas
1,juean,coco
0,puta,sakdjas
1,juean,coco
0,puta,sakdjas
1,juean,coco
0,puta,sakdjas
1,juean,coco
0,puta,sakdjas
1,juean,coco
0,puta,sakdjas
1,juean,coco
0,puta,sakdjas
1,juean,coco
0,puta,sakdjas
1,juean,coco
0,puta,sakdjas
1,juean,coco
0,puta,sakdjas
1,juean,coco
0,puta,sakdjas
1,juean,coco
0,puta,sakdjas
1,juean,coco
0,puta,sakdjas
1,juean,coco
0,puta,sakdjas
1,juean,coco
0,puta,sakdjas
1,juean,coco
0,puta,sakdjas
1,juean,coco
0,puta,sakdjas
1,juean,coco
0,puta,sakdjas
1,juean,coco
0,puta,sakdjas
1,juean,coco
0,puta,sakdjas
1,juean,coco
0,puta,sakdjas
1,juean,coco
0,puta,sakdjas
1,juean,coco
0,puta,sakdjas
1,juean,coco
0,puta,sakdjas
1,juean,coco
0,puta,sakdjas
1,juean,coco
0,puta,sakdjas
1,juean,coco
0,puta,sakdjas
1,juean,coco
0,puta,sakdjas
1,juean,coco
0,puta,sakdjas
1,juean,coco
0,puta,sakdjas
1,juean,coco
0,puta,sakdjas
1,juean,coco
0,puta,sakdjas
1,juean,coco
0,puta,sakdjas
1,juean,coco
0,puta,sakdjas
1,juean,coco
0,puta,sakdjas
1,juean,coco
0,puta,sakdjas
1,juean,coco
0,puta,sakdjas
1,juean,coco
0,puta,sakdjas
1,juean,coco
0,puta,sakdjas
1,juean,coco
0,puta,sakdjas
1,juean,coco
0,puta,sakdjas
1,juean,coco
